"","X","date","abandoned_avg","abandonseconds_avg","inQueueSeconds_avg","handletime","minute","hour","day","week"
"1",1,"2018-05-01 07:00:00",0,0,3.84146341463415,495.915986878413,0,7,"Tue",18
"2",2,"2018-05-01 11:00:00",0,0,66.2162162162162,660.693421008835,0,11,"Tue",18
"3",3,"2018-05-01 13:00:00",0,0,46.6589861751152,650.185720731835,0,13,"Tue",18
"4",4,"2018-05-01 14:00:00",0,0,27.707656612529,651.133049312256,0,14,"Tue",18
"5",5,"2018-05-01 16:00:00",0,0,40.9278846153846,668.574313496558,0,16,"Tue",18
"6",6,"2018-05-01 17:00:00",0,0,112.179331306991,675.954783851048,0,17,"Tue",18
"7",7,"2018-05-02 07:00:00",0,0,3.77659574468085,495.915986878413,0,7,"Wed",18
"8",8,"2018-05-02 11:00:00",0,0,4.54545454545455,660.693421008835,0,11,"Wed",18
"9",9,"2018-05-02 13:00:00",0,0,2.62128712871287,650.185720731835,0,13,"Wed",18
"10",10,"2018-05-02 14:00:00",0,0,1.91184573002755,651.133049312256,0,14,"Wed",18
"11",11,"2018-05-02 16:00:00",0,0,2.91618497109827,668.574313496558,0,16,"Wed",18
"12",12,"2018-05-02 17:00:00",0,0,161.698245614035,675.954783851048,0,17,"Wed",18
"13",13,"2018-05-03 07:00:00",0,0,3.35384615384615,495.915986878413,0,7,"Thu",18
"14",14,"2018-05-03 11:00:00",0,0,1.51590909090909,660.693421008835,0,11,"Thu",18
"15",15,"2018-05-03 13:00:00",0,0,20.4458874458874,650.185720731835,0,13,"Thu",18
"16",16,"2018-05-03 14:00:00",0,0,6.72406181015453,651.133049312256,0,14,"Thu",18
"17",17,"2018-05-03 16:00:00",0,0,59.6422976501306,668.574313496558,0,16,"Thu",18
"18",18,"2018-05-03 17:00:00",0,0,48.1071428571429,675.954783851048,0,17,"Thu",18
"19",19,"2018-05-04 07:00:00",0,0,2.40659340659341,495.915986878413,0,7,"Fri",18
"20",20,"2018-05-04 11:00:00",0,0,3.08728179551122,660.693421008835,0,11,"Fri",18
"21",21,"2018-05-04 13:00:00",0,0,47.7317708333333,650.185720731835,0,13,"Fri",18
"22",22,"2018-05-04 14:00:00",0.00699300699300699,0.230769230769231,30.4825174825175,651.133049312256,0,14,"Fri",18
"23",23,"2018-05-04 16:00:00",0,0,18.0864197530864,668.574313496558,0,16,"Fri",18
"24",24,"2018-05-04 17:00:00",0,0,248.990566037736,675.954783851048,0,17,"Fri",18
"25",25,"2018-05-07 07:00:00",0,0,8.008,495.915986878413,0,7,"Mon",19
"26",26,"2018-05-07 11:00:00",0,0,244.673214285714,660.693421008835,0,11,"Mon",19
"27",27,"2018-05-07 13:00:00",0,0,198.339506172839,650.185720731835,0,13,"Mon",19
"28",28,"2018-05-07 14:00:00",0,0,129.851239669421,651.133049312256,0,14,"Mon",19
"29",29,"2018-05-07 16:00:00",0,0,35.1784897025172,668.574313496558,0,16,"Mon",19
"30",30,"2018-05-07 17:00:00",0,0,13.3865979381443,675.954783851048,0,17,"Mon",19
"31",31,"2018-05-08 07:00:00",0,0,2.94791666666667,495.915986878413,0,7,"Tue",19
"32",32,"2018-05-08 11:00:00",0,0,10.3591549295775,660.693421008835,0,11,"Tue",19
"33",33,"2018-05-08 13:00:00",0,0,4.1047619047619,650.185720731835,0,13,"Tue",19
"34",34,"2018-05-08 14:00:00",0,0,17.0108932461874,651.133049312256,0,14,"Tue",19
"35",35,"2018-05-08 16:00:00",0,0,5.04437869822485,668.574313496558,0,16,"Tue",19
"36",36,"2018-05-08 17:00:00",0,0,13.7913669064748,675.954783851048,0,17,"Tue",19
"37",37,"2018-05-09 07:00:00",0,0,7.97560975609756,495.915986878413,0,7,"Wed",19
"38",38,"2018-05-09 11:00:00",0,0,10.8445747800587,660.693421008835,0,11,"Wed",19
"39",39,"2018-05-09 13:00:00",0,0,7.19444444444444,650.185720731835,0,13,"Wed",19
"40",40,"2018-05-09 14:00:00",0,0,7.09625668449198,651.133049312256,0,14,"Wed",19
"41",41,"2018-05-09 16:00:00",0,0,26.2888888888889,668.574313496558,0,16,"Wed",19
"42",42,"2018-05-09 17:00:00",0,0,82.25,675.954783851048,0,17,"Wed",19
"43",43,"2018-05-10 07:00:00",0,0,2.55555555555556,495.915986878413,0,7,"Thu",19
"44",44,"2018-05-10 11:00:00",0,0,43.0744186046512,660.693421008835,0,11,"Thu",19
"45",45,"2018-05-10 13:00:00",0,0,4.29558011049724,650.185720731835,0,13,"Thu",19
"46",46,"2018-05-10 14:00:00",0,0,1.61609907120743,651.133049312256,0,14,"Thu",19
"47",47,"2018-05-10 16:00:00",0,0,6.95238095238095,668.574313496558,0,16,"Thu",19
"48",48,"2018-05-10 17:00:00",0,0,1.63333333333333,675.954783851048,0,17,"Thu",19
"49",49,"2018-05-11 07:00:00",0,0,4.91044776119403,495.915986878413,0,7,"Fri",19
"50",50,"2018-05-11 11:00:00",0,0,28.0788043478261,660.693421008835,0,11,"Fri",19
"51",51,"2018-05-11 13:00:00",0,0,17.4405144694534,650.185720731835,0,13,"Fri",19
"52",52,"2018-05-11 14:00:00",0,0,24.2216981132075,651.133049312256,0,14,"Fri",19
"53",53,"2018-05-11 16:00:00",0,0,12.4178674351585,668.574313496558,0,16,"Fri",19
"54",54,"2018-05-11 17:00:00",0,0,3.6195652173913,675.954783851048,0,17,"Fri",19
"55",55,"2018-05-14 07:00:00",0,0,2.18627450980392,495.915986878413,0,7,"Mon",20
"56",56,"2018-05-14 11:00:00",0,0,76.0850694444444,660.693421008835,0,11,"Mon",20
"57",57,"2018-05-14 13:00:00",0,0,50.7212475633528,650.185720731835,0,13,"Mon",20
"58",58,"2018-05-14 14:00:00",0,0,49.7903225806452,651.133049312256,0,14,"Mon",20
"59",59,"2018-05-14 16:00:00",0,0,37.4634655532359,668.574313496558,0,16,"Mon",20
"60",60,"2018-05-14 17:00:00",0,0,36.6927374301676,675.954783851048,0,17,"Mon",20
"61",61,"2018-05-15 07:00:00",0,0,4.61702127659574,495.915986878413,0,7,"Tue",20
"62",62,"2018-05-15 11:00:00",0,0,4.28716904276986,660.693421008835,0,11,"Tue",20
"63",63,"2018-05-15 13:00:00",0,0,9.80743982494529,650.185720731835,0,13,"Tue",20
"64",64,"2018-05-15 14:00:00",0,0,78.1481481481482,651.133049312256,0,14,"Tue",20
"65",65,"2018-05-15 16:00:00",0,0,12.5511627906977,668.574313496558,0,16,"Tue",20
"66",66,"2018-05-15 17:00:00",0,0,11.0469613259669,675.954783851048,0,17,"Tue",20
"67",67,"2018-05-16 07:00:00",0,0,81.4883720930233,495.915986878413,0,7,"Wed",20
"68",68,"2018-05-16 11:00:00",0,0,9.04422604422604,660.693421008835,0,11,"Wed",20
"69",69,"2018-05-16 13:00:00",0,0,4.55331412103746,650.185720731835,0,13,"Wed",20
"70",70,"2018-05-16 14:00:00",0,0,3.16071428571429,651.133049312256,0,14,"Wed",20
"71",71,"2018-05-16 16:00:00",0,0,92.8805031446541,668.574313496558,0,16,"Wed",20
"72",72,"2018-05-16 17:00:00",0,0,180.171568627451,675.954783851048,0,17,"Wed",20
"73",73,"2018-05-17 07:00:00",0,0,4.8961038961039,495.915986878413,0,7,"Thu",20
"74",74,"2018-05-17 11:00:00",0,0,1.76962025316456,660.693421008835,0,11,"Thu",20
"75",75,"2018-05-17 13:00:00",0,0,2.76942355889724,650.185720731835,0,13,"Thu",20
"76",76,"2018-05-17 14:00:00",0,0,42.90625,651.133049312256,0,14,"Thu",20
"77",77,"2018-05-17 16:00:00",0,0,35.4725274725275,668.574313496558,0,16,"Thu",20
"78",78,"2018-05-17 17:00:00",0,0,40.9331210191083,675.954783851048,0,17,"Thu",20
"79",79,"2018-05-18 07:00:00",0,0,5.59459459459459,495.915986878413,0,7,"Fri",20
"80",80,"2018-05-18 11:00:00",0,0,20.2522522522523,660.693421008835,0,11,"Fri",20
"81",81,"2018-05-18 13:00:00",0,0,21.3433242506812,650.185720731835,0,13,"Fri",20
"82",82,"2018-05-18 14:00:00",0,0,46.0330788804071,651.133049312256,0,14,"Fri",20
"83",83,"2018-05-18 16:00:00",0,0,27.75,668.574313496558,0,16,"Fri",20
"84",84,"2018-05-18 17:00:00",0,0,27.6460905349794,675.954783851048,0,17,"Fri",20
"85",85,"2018-05-21 07:00:00",0,0,2.59090909090909,495.915986878413,0,7,"Mon",21
"86",86,"2018-05-21 11:00:00",0,0,262.645833333333,660.693421008835,0,11,"Mon",21
"87",87,"2018-05-21 13:00:00",0,0,84.1507128309572,650.185720731835,0,13,"Mon",21
"88",88,"2018-05-21 14:00:00",0,0,30.6445242369838,651.133049312256,0,14,"Mon",21
"89",89,"2018-05-21 16:00:00",0,0,108.641509433962,668.574313496558,0,16,"Mon",21
"90",90,"2018-05-21 17:00:00",0,0,87.3850129198966,675.954783851048,0,17,"Mon",21
"91",91,"2018-05-22 07:00:00",0,0,3.62727272727273,495.915986878413,0,7,"Tue",21
"92",92,"2018-05-22 11:00:00",0,0,37.6981981981982,660.693421008835,0,11,"Tue",21
"93",93,"2018-05-22 13:00:00",0,0,9.74094707520891,650.185720731835,0,13,"Tue",21
"94",94,"2018-05-22 14:00:00",0,0,29.2979797979798,651.133049312256,0,14,"Tue",21
"95",95,"2018-05-22 16:00:00",0,0,27.6591478696742,668.574313496558,0,16,"Tue",21
"96",96,"2018-05-22 17:00:00",0,0,113.945402298851,675.954783851048,0,17,"Tue",21
"97",97,"2018-05-23 07:00:00",0,0,3.38356164383562,495.915986878413,0,7,"Wed",21
"98",98,"2018-05-23 11:00:00",0,0,8.41666666666667,660.693421008835,0,11,"Wed",21
"99",99,"2018-05-23 13:00:00",0,0,1.99702380952381,650.185720731835,0,13,"Wed",21
"100",100,"2018-05-23 14:00:00",0,0,5.93285371702638,651.133049312256,0,14,"Wed",21
"101",101,"2018-05-23 16:00:00",0,0,41.3602150537634,668.574313496558,0,16,"Wed",21
"102",102,"2018-05-23 17:00:00",0,0,10.5,675.954783851048,0,17,"Wed",21
"103",103,"2018-05-24 07:00:00",0,0,2.55555555555556,495.915986878413,0,7,"Thu",21
"104",104,"2018-05-24 11:00:00",0,0,2.23495702005731,660.693421008835,0,11,"Thu",21
"105",105,"2018-05-24 13:00:00",0,0,1.42372881355932,650.185720731835,0,13,"Thu",21
"106",106,"2018-05-24 14:00:00",0,0,16.990099009901,651.133049312256,0,14,"Thu",21
"107",107,"2018-05-24 16:00:00",0,0,1.56676557863501,668.574313496558,0,16,"Thu",21
"108",108,"2018-05-24 17:00:00",0,0,98.1198347107438,675.954783851048,0,17,"Thu",21
"109",109,"2018-05-25 07:00:00",0,0,54.1587301587302,495.915986878413,0,7,"Fri",21
"110",110,"2018-05-25 11:00:00",0,0,2.27176220806794,660.693421008835,0,11,"Fri",21
"111",111,"2018-05-25 13:00:00",0,0,37.463700234192,650.185720731835,0,13,"Fri",21
"112",112,"2018-05-25 14:00:00",0,0,170.445569620253,651.133049312256,0,14,"Fri",21
"113",113,"2018-05-25 16:00:00",0,0,169.293577981651,668.574313496558,0,16,"Fri",21
"114",114,"2018-05-25 17:00:00",0,0,249.034482758621,675.954783851048,0,17,"Fri",21
"115",115,"2018-05-29 07:00:00",0,0,2.15503875968992,495.915986878413,0,7,"Tue",22
"116",116,"2018-05-29 11:00:00",0,0,125.682724252492,660.693421008835,0,11,"Tue",22
"117",117,"2018-05-29 13:00:00",0,0,199.112852664577,650.185720731835,0,13,"Tue",22
"118",118,"2018-05-29 14:00:00",0,0,109.698492462312,651.133049312256,0,14,"Tue",22
"119",119,"2018-05-29 16:00:00",0,0,172.230923694779,668.574313496558,0,16,"Tue",22
"120",120,"2018-05-29 17:00:00",0,0,114.762749445676,675.954783851048,0,17,"Tue",22
"121",121,"2018-05-30 07:00:00",0,0,53.5495495495495,495.915986878413,0,7,"Wed",22
"122",122,"2018-05-30 11:00:00",0,0,86.0037523452158,660.693421008835,0,11,"Wed",22
"123",123,"2018-05-30 13:00:00",0,0,36.6346555323591,650.185720731835,0,13,"Wed",22
"124",124,"2018-05-30 14:00:00",0,0,14.6660482374768,651.133049312256,0,14,"Wed",22
"125",125,"2018-05-30 16:00:00",0,0,26.8737623762376,668.574313496558,0,16,"Wed",22
"126",126,"2018-05-30 17:00:00",0,0,166.616236162362,675.954783851048,0,17,"Wed",22
"127",127,"2018-05-31 07:00:00",0,0,3,495.915986878413,0,7,"Thu",22
"128",128,"2018-05-31 11:00:00",0,0,59.0737051792829,660.693421008835,0,11,"Thu",22
"129",129,"2018-05-31 13:00:00",0,0,49.8565217391304,650.185720731835,0,13,"Thu",22
"130",130,"2018-05-31 14:00:00",0,0,34.0933852140078,651.133049312256,0,14,"Thu",22
"131",131,"2018-05-31 16:00:00",0,0,212.799065420561,668.574313496558,0,16,"Thu",22
"132",132,"2018-05-31 17:00:00",0,0,231.099678456592,675.954783851048,0,17,"Thu",22
"133",133,"2018-06-01 07:00:00",0,0,6.67142857142857,495.915986878413,0,7,"Fri",22
"134",134,"2018-06-01 11:00:00",0,0,43.8218390804598,660.693421008835,0,11,"Fri",22
"135",135,"2018-06-01 13:00:00",0,0,141.495391705069,650.185720731835,0,13,"Fri",22
"136",136,"2018-06-01 14:00:00",0,0,130.700854700855,651.133049312256,0,14,"Fri",22
"137",137,"2018-06-01 16:00:00",0,0,166.421319796954,668.574313496558,0,16,"Fri",22
"138",138,"2018-06-01 17:00:00",0,0,269.799401197605,675.954783851048,0,17,"Fri",22
"139",139,"2018-06-11 07:00:00",0,0,1.62809917355372,495.915986878413,0,7,"Mon",24
"140",140,"2018-06-11 11:00:00",0,0,225.64,660.693421008835,0,11,"Mon",24
"141",141,"2018-06-11 13:00:00",0,0,233.418215613383,650.185720731835,0,13,"Mon",24
"142",142,"2018-06-11 14:00:00",0,0,179.527118644068,651.133049312256,0,14,"Mon",24
"143",143,"2018-06-11 16:00:00",0,0,349.348101265823,668.574313496558,0,16,"Mon",24
"144",144,"2018-06-11 17:00:00",0,0,258.770833333333,675.954783851048,0,17,"Mon",24
"145",145,"2018-06-12 07:00:00",0,0,2.24705882352941,495.915986878413,0,7,"Tue",24
"146",146,"2018-06-12 11:00:00",0,0,3.36923076923077,660.693421008835,0,11,"Tue",24
"147",147,"2018-06-12 13:00:00",0,0,85.2415254237288,650.185720731835,0,13,"Tue",24
"148",148,"2018-06-12 14:00:00",0,0,87.1776447105788,651.133049312256,0,14,"Tue",24
"149",149,"2018-06-12 16:00:00",0,0,41.7126436781609,668.574313496558,0,16,"Tue",24
"150",150,"2018-06-12 17:00:00",0,0,233.785074626866,675.954783851048,0,17,"Tue",24
"151",151,"2018-06-13 07:00:00",0,0,3.26506024096386,495.915986878413,0,7,"Wed",24
"152",152,"2018-06-13 11:00:00",0,0,12.1891191709845,660.693421008835,0,11,"Wed",24
"153",153,"2018-06-13 13:00:00",0,0,17.5239179954442,650.185720731835,0,13,"Wed",24
"154",154,"2018-06-13 14:00:00",0,0,35.6579520697168,651.133049312256,0,14,"Wed",24
"155",155,"2018-06-13 16:00:00",0,0,47.025706940874,668.574313496558,0,16,"Wed",24
"156",156,"2018-06-13 17:00:00",0,0,274.802371541502,675.954783851048,0,17,"Wed",24
"157",157,"2018-06-14 07:00:00",0,0,2.33333333333333,495.915986878413,0,7,"Thu",24
"158",158,"2018-06-14 11:00:00",0,0,113.425925925926,660.693421008835,0,11,"Thu",24
"159",159,"2018-06-14 13:00:00",0,0,35.2790697674419,650.185720731835,0,13,"Thu",24
"160",160,"2018-06-14 14:00:00",0,0,32.8541176470588,651.133049312256,0,14,"Thu",24
"161",161,"2018-06-14 16:00:00",0,0,28.6538461538462,668.574313496558,0,16,"Thu",24
"162",162,"2018-06-14 17:00:00",0,0,201.015748031496,675.954783851048,0,17,"Thu",24
"163",163,"2018-06-15 07:00:00",0,0,2.44155844155844,495.915986878413,0,7,"Fri",24
"164",164,"2018-06-15 11:00:00",0,0,129.287128712871,660.693421008835,0,11,"Fri",24
"165",165,"2018-06-15 13:00:00",0,0,356.212041884817,650.185720731835,0,13,"Fri",24
"166",166,"2018-06-15 14:00:00",0,0,206.244845360825,651.133049312256,0,14,"Fri",24
"167",167,"2018-06-15 16:00:00",0,0,343.197044334975,668.574313496558,0,16,"Fri",24
"168",168,"2018-06-15 17:00:00",0,0,373.066666666667,675.954783851048,0,17,"Fri",24
"169",169,"2018-06-18 07:00:00",0,0,9.6793893129771,495.915986878413,0,7,"Mon",25
"170",170,"2018-06-18 11:00:00",0,0,535.009960159363,660.693421008835,0,11,"Mon",25
"171",171,"2018-06-18 13:00:00",0,0,629.712473572939,650.185720731835,0,13,"Mon",25
"172",172,"2018-06-18 14:00:00",0,0,483.762845849802,651.133049312256,0,14,"Mon",25
"173",173,"2018-06-18 16:00:00",0,0,702.079896907216,668.574313496558,0,16,"Mon",25
"174",174,"2018-06-18 17:00:00",0,0,629.898245614035,675.954783851048,0,17,"Mon",25
"175",175,"2018-06-19 07:00:00",0,0,3.03092783505155,495.915986878413,0,7,"Tue",25
"176",176,"2018-06-19 11:00:00",0,0,240.7466367713,660.693421008835,0,11,"Tue",25
"177",177,"2018-06-19 13:00:00",0,0,224.327272727273,650.185720731835,0,13,"Tue",25
"178",178,"2018-06-19 14:00:00",0,0,463.52,651.133049312256,0,14,"Tue",25
"179",179,"2018-06-19 16:00:00",0,0,116.575842696629,668.574313496558,0,16,"Tue",25
"180",180,"2018-06-19 17:00:00",0,0,455.134426229508,675.954783851048,0,17,"Tue",25
"181",181,"2018-06-20 07:00:00",0,0,3.51428571428571,495.915986878413,0,7,"Wed",25
"182",182,"2018-06-20 11:00:00",0,0,217.402985074627,660.693421008835,0,11,"Wed",25
"183",183,"2018-06-20 13:00:00",0,0,72.4613180515759,650.185720731835,0,13,"Wed",25
"184",184,"2018-06-20 14:00:00",0,0,8.29425287356322,651.133049312256,0,14,"Wed",25
"185",185,"2018-06-20 16:00:00",0,0,288.465648854962,668.574313496558,0,16,"Wed",25
"186",186,"2018-06-20 17:00:00",0,0,499.050980392157,675.954783851048,0,17,"Wed",25
"187",187,"2018-06-21 07:00:00",0,0,4.63157894736842,495.915986878413,0,7,"Thu",25
"188",188,"2018-06-21 11:00:00",0,0,7.14520547945205,660.693421008835,0,11,"Thu",25
"189",189,"2018-06-21 13:00:00",0,0,44.4962025316456,650.185720731835,0,13,"Thu",25
"190",190,"2018-06-21 14:00:00",0,0,36.7445887445887,651.133049312256,0,14,"Thu",25
"191",191,"2018-06-21 16:00:00",0,0,53.4965517241379,668.574313496558,0,16,"Thu",25
"192",192,"2018-06-21 17:00:00",0,0,74.914089347079,675.954783851048,0,17,"Thu",25
"193",193,"2018-06-22 07:00:00",0,0,2.64102564102564,495.915986878413,0,7,"Fri",25
"194",194,"2018-06-22 11:00:00",0,0,12.3165266106443,660.693421008835,0,11,"Fri",25
"195",195,"2018-06-22 13:00:00",0,0,48.1158392434988,650.185720731835,0,13,"Fri",25
"196",196,"2018-06-22 14:00:00",0,0,65.1081794195251,651.133049312256,0,14,"Fri",25
"197",197,"2018-06-22 16:00:00",0,0,211.571428571429,668.574313496558,0,16,"Fri",25
"198",198,"2018-06-22 17:00:00",0,0,520.699570815451,675.954783851048,0,17,"Fri",25
"199",199,"2018-06-25 07:00:00",0,0,1.97247706422018,495.915986878413,0,7,"Mon",26
"200",200,"2018-06-25 11:00:00",0,0,268.49702970297,660.693421008835,0,11,"Mon",26
"201",201,"2018-06-25 13:00:00",0,0,38.2196652719665,650.185720731835,0,13,"Mon",26
"202",202,"2018-06-25 14:00:00",0,0,277.014173228346,651.133049312256,0,14,"Mon",26
"203",203,"2018-06-25 16:00:00",0,0,417.226063829787,668.574313496558,0,16,"Mon",26
"204",204,"2018-06-25 17:00:00",0,0,405.943243243243,675.954783851048,0,17,"Mon",26
"205",205,"2018-06-26 07:00:00",0,0,2.13157894736842,495.915986878413,0,7,"Tue",26
"206",206,"2018-06-26 11:00:00",0,0,30.097192224622,660.693421008835,0,11,"Tue",26
"207",207,"2018-06-26 13:00:00",0,0,15.9310344827586,650.185720731835,0,13,"Tue",26
"208",208,"2018-06-26 14:00:00",0,0,16.5,651.133049312256,0,14,"Tue",26
"209",209,"2018-06-26 16:00:00",0,0,93.203007518797,668.574313496558,0,16,"Tue",26
"210",210,"2018-06-26 17:00:00",0,0,364.158249158249,675.954783851048,0,17,"Tue",26
"211",211,"2018-06-27 07:00:00",0,0,3.21686746987952,495.915986878413,0,7,"Wed",26
"212",212,"2018-06-27 11:00:00",0,0,41.134328358209,660.693421008835,0,11,"Wed",26
"213",213,"2018-06-27 13:00:00",0,0,13.3357142857143,650.185720731835,0,13,"Wed",26
"214",214,"2018-06-27 14:00:00",0,0,21.4312796208531,651.133049312256,0,14,"Wed",26
"215",215,"2018-06-27 16:00:00",0,0,131.741721854305,668.574313496558,0,16,"Wed",26
"216",216,"2018-06-27 17:00:00",0,0,438.943060498221,675.954783851048,0,17,"Wed",26
"217",217,"2018-06-28 07:00:00",0,0,2.42647058823529,495.915986878413,0,7,"Thu",26
"218",218,"2018-06-28 11:00:00",0,0,9.34222222222222,660.693421008835,0,11,"Thu",26
"219",219,"2018-06-28 13:00:00",0,0,9.00452488687783,650.185720731835,0,13,"Thu",26
"220",220,"2018-06-28 14:00:00",0,0,30.8417721518987,651.133049312256,0,14,"Thu",26
"221",221,"2018-06-28 16:00:00",0,0,74.6754617414248,668.574313496558,0,16,"Thu",26
"222",222,"2018-06-28 17:00:00",0,0,217.037037037037,675.954783851048,0,17,"Thu",26
"223",223,"2018-06-29 07:00:00",0,0,85.3283582089552,495.915986878413,0,7,"Fri",26
"224",224,"2018-06-29 11:00:00",0,0,180.14849187935,660.693421008835,0,11,"Fri",26
"225",225,"2018-06-29 13:00:00",0,0,140.656387665198,650.185720731835,0,13,"Fri",26
"226",226,"2018-06-29 14:00:00",0,0,317.255528255528,651.133049312256,0,14,"Fri",26
"227",227,"2018-06-29 16:00:00",0,0,382.515243902439,668.574313496558,0,16,"Fri",26
"228",228,"2018-06-29 17:00:00",0,0,558.260536398467,675.954783851048,0,17,"Fri",26
"229",229,"2018-07-02 07:00:00",0,0,16.4206349206349,495.915986878413,0,7,"Mon",27
"230",230,"2018-07-02 11:00:00",0,0,317.594227504244,660.693421008835,0,11,"Mon",27
"231",231,"2018-07-02 13:00:00",0,0,233.324369747899,650.185720731835,0,13,"Mon",27
"232",232,"2018-07-02 14:00:00",0,0,530.342342342342,651.133049312256,0,14,"Mon",27
"233",233,"2018-07-02 16:00:00",0,0,388.572769953052,668.574313496558,0,16,"Mon",27
"234",234,"2018-07-02 17:00:00",0,0,361.2425,675.954783851048,0,17,"Mon",27
"235",235,"2018-07-03 07:00:00",0,0,4.95495495495495,495.915986878413,0,7,"Tue",27
"236",236,"2018-07-03 11:00:00",0,0,94.0090293453725,660.693421008835,0,11,"Tue",27
"237",237,"2018-07-03 13:00:00",0,0,22.3062098501071,650.185720731835,0,13,"Tue",27
"238",238,"2018-07-03 14:00:00",0,0,23.6893424036281,651.133049312256,0,14,"Tue",27
"239",239,"2018-07-03 16:00:00",0,0,48.3973333333333,668.574313496558,0,16,"Tue",27
"240",240,"2018-07-03 17:00:00",0,0,107.451827242525,675.954783851048,0,17,"Tue",27
"241",241,"2018-07-05 07:00:00",0,0,8.75531914893617,495.915986878413,0,7,"Thu",27
"242",242,"2018-07-05 11:00:00",0,0,122.668076109937,660.693421008835,0,11,"Thu",27
"243",243,"2018-07-05 13:00:00",0,0,213.638709677419,650.185720731835,0,13,"Thu",27
"244",244,"2018-07-05 14:00:00",0,0,160.057259713701,651.133049312256,0,14,"Thu",27
"245",245,"2018-07-05 16:00:00",0,0,441.828877005348,668.574313496558,0,16,"Thu",27
"246",246,"2018-07-05 17:00:00",0,0,155.161290322581,675.954783851048,0,17,"Thu",27
"247",247,"2018-07-06 07:00:00",0,0,3.81395348837209,495.915986878413,0,7,"Fri",27
"248",248,"2018-07-06 11:00:00",0,0,257.308977035491,660.693421008835,0,11,"Fri",27
"249",249,"2018-07-06 13:00:00",0,0,317.288372093023,650.185720731835,0,13,"Fri",27
"250",250,"2018-07-06 14:00:00",0,0,221.314671814672,651.133049312256,0,14,"Fri",27
"251",251,"2018-07-06 16:00:00",0,0,594.553097345133,668.574313496558,0,16,"Fri",27
"252",252,"2018-07-06 17:00:00",0,0,572.31746031746,675.954783851048,0,17,"Fri",27
"253",253,"2018-07-09 07:00:00",0,0,2.75,495.915986878413,0,7,"Mon",28
"254",254,"2018-07-09 11:00:00",0,0,206.458588957055,660.693421008835,0,11,"Mon",28
"255",255,"2018-07-09 13:00:00",0,0,101.729537366548,650.185720731835,0,13,"Mon",28
"256",256,"2018-07-09 14:00:00",0,0,35.2255244755245,651.133049312256,0,14,"Mon",28
"257",257,"2018-07-09 16:00:00",0,0,231.363839285714,668.574313496558,0,16,"Mon",28
"258",258,"2018-07-09 17:00:00",0,0,382.666666666667,675.954783851048,0,17,"Mon",28
"259",259,"2018-07-10 07:00:00",0,0,5.11538461538461,495.915986878413,0,7,"Tue",28
"260",260,"2018-07-10 11:00:00",0,0,1.90932642487047,660.693421008835,0,11,"Tue",28
"261",261,"2018-07-10 13:00:00",0,0,1.54137115839243,650.185720731835,0,13,"Tue",28
"262",262,"2018-07-10 14:00:00",0,0,11.3086172344689,651.133049312256,0,14,"Tue",28
"263",263,"2018-07-10 16:00:00",0,0,5.71266968325792,668.574313496558,0,16,"Tue",28
"264",264,"2018-07-10 17:00:00",0,0,52.1974358974359,675.954783851048,0,17,"Tue",28
"265",265,"2018-07-11 07:00:00",0,0,3.89156626506024,495.915986878413,0,7,"Wed",28
"266",266,"2018-07-11 11:00:00",0,0,12.249500998004,660.693421008835,0,11,"Wed",28
"267",267,"2018-07-11 13:00:00",0,0,7.86899563318777,650.185720731835,0,13,"Wed",28
"268",268,"2018-07-11 14:00:00",0,0,18.1851851851852,651.133049312256,0,14,"Wed",28
"269",269,"2018-07-11 16:00:00",0,0,3.82608695652174,668.574313496558,0,16,"Wed",28
"270",270,"2018-07-11 17:00:00",0,0,208.553719008264,675.954783851048,0,17,"Wed",28
"271",271,"2018-07-12 07:00:00",0,0,4.80882352941176,495.915986878413,0,7,"Thu",28
"272",272,"2018-07-12 11:00:00",0,0,2.71090047393365,660.693421008835,0,11,"Thu",28
"273",273,"2018-07-12 13:00:00",0,0,2.1547619047619,650.185720731835,0,13,"Thu",28
"274",274,"2018-07-12 14:00:00",0,0,16.4794871794872,651.133049312256,0,14,"Thu",28
"275",275,"2018-07-12 16:00:00",0,0,52.0631868131868,668.574313496558,0,16,"Thu",28
"276",276,"2018-07-12 17:00:00",0,0,224.412,675.954783851048,0,17,"Thu",28
"277",277,"2018-07-13 07:00:00",0,0,7.01388888888889,495.915986878413,0,7,"Fri",28
"278",278,"2018-07-13 11:00:00",0,0,7.94497607655502,660.693421008835,0,11,"Fri",28
"279",279,"2018-07-13 13:00:00",0,0,2.99551569506726,650.185720731835,0,13,"Fri",28
"280",280,"2018-07-13 14:00:00",0,0,242.556277056277,651.133049312256,0,14,"Fri",28
"281",281,"2018-07-13 16:00:00",0,0,142.655518394649,668.574313496558,0,16,"Fri",28
"282",282,"2018-07-13 17:00:00",0,0,395.209923664122,675.954783851048,0,17,"Fri",28
"283",283,"2018-07-23 07:00:00",0,0,3.43333333333333,495.915986878413,0,7,"Mon",30
"284",284,"2018-07-23 11:00:00",0,0,182.777365491651,660.693421008835,0,11,"Mon",30
"285",285,"2018-07-23 13:00:00",0,0,273.057347670251,650.185720731835,0,13,"Mon",30
"286",286,"2018-07-23 14:00:00",0,0,299.439688715953,651.133049312256,0,14,"Mon",30
"287",287,"2018-07-23 16:00:00",0,0,530.878151260504,668.574313496558,0,16,"Mon",30
"288",288,"2018-07-23 17:00:00",0,0,243.347003154574,675.954783851048,0,17,"Mon",30
"289",289,"2018-07-24 07:00:00",0,0,5.15702479338843,495.915986878413,0,7,"Tue",30
"290",290,"2018-07-24 11:00:00",0,0,66.12375249501,660.693421008835,0,11,"Tue",30
"291",291,"2018-07-24 13:00:00",0,0,95.8968824940048,650.185720731835,0,13,"Tue",30
"292",292,"2018-07-24 14:00:00",0,0,148.820116054159,651.133049312256,0,14,"Tue",30
"293",293,"2018-07-24 16:00:00",0,0,22.5291005291005,668.574313496558,0,16,"Tue",30
"294",294,"2018-07-24 17:00:00",0,0,170.6632996633,675.954783851048,0,17,"Tue",30
"295",295,"2018-07-25 07:00:00",0,0,4.0253164556962,495.915986878413,0,7,"Wed",30
"296",296,"2018-07-25 11:00:00",0,0,41.9042316258352,660.693421008835,0,11,"Wed",30
"297",297,"2018-07-25 13:00:00",0,0,48.5580448065173,650.185720731835,0,13,"Wed",30
"298",298,"2018-07-25 14:00:00",0,0,13.0560165975104,651.133049312256,0,14,"Wed",30
"299",299,"2018-07-25 16:00:00",0,0,109.509589041096,668.574313496558,0,16,"Wed",30
"300",300,"2018-07-25 17:00:00",0,0,90.5032258064516,675.954783851048,0,17,"Wed",30
"301",301,"2018-07-26 07:00:00",0,0,3,495.915986878413,0,7,"Thu",30
"302",302,"2018-07-26 11:00:00",0,0,18.3963414634146,660.693421008835,0,11,"Thu",30
"303",303,"2018-07-26 13:00:00",0,0,104.145374449339,650.185720731835,0,13,"Thu",30
"304",304,"2018-07-26 14:00:00",0,0,14.1310782241015,651.133049312256,0,14,"Thu",30
"305",305,"2018-07-26 16:00:00",0,0,192.947630922693,668.574313496558,0,16,"Thu",30
"306",306,"2018-07-26 17:00:00",0,0,100.711805555556,675.954783851048,0,17,"Thu",30
"307",307,"2018-07-27 07:00:00",0,0,2.57894736842105,495.915986878413,0,7,"Fri",30
"308",308,"2018-07-27 11:00:00",0,0,45.9690265486726,660.693421008835,0,11,"Fri",30
"309",309,"2018-07-27 13:00:00",0,0,26.7424242424242,650.185720731835,0,13,"Fri",30
"310",310,"2018-07-27 14:00:00",0,0,76.403743315508,651.133049312256,0,14,"Fri",30
"311",311,"2018-07-27 16:00:00",0,0,336.4,668.574313496558,0,16,"Fri",30
"312",312,"2018-07-27 17:00:00",0,0,148.992337164751,675.954783851048,0,17,"Fri",30
"313",313,"2018-08-06 07:00:00",0,0,3.87826086956522,495.915986878413,0,7,"Mon",32
"314",314,"2018-08-06 11:00:00",0,0,227.431952662722,660.693421008835,0,11,"Mon",32
"315",315,"2018-08-06 13:00:00",0,0,148.702554744526,650.185720731835,0,13,"Mon",32
"316",316,"2018-08-06 14:00:00",0,0,122.733755942948,651.133049312256,0,14,"Mon",32
"317",317,"2018-08-06 16:00:00",0,0,419.166666666667,668.574313496558,0,16,"Mon",32
"318",318,"2018-08-06 17:00:00",0,0,657.736111111111,675.954783851048,0,17,"Mon",32
"319",319,"2018-08-07 07:00:00",0,0,3.93877551020408,495.915986878413,0,7,"Tue",32
"320",320,"2018-08-07 11:00:00",0,0,73.881974248927,660.693421008835,0,11,"Tue",32
"321",321,"2018-08-07 13:00:00",0,0,14.3057324840764,650.185720731835,0,13,"Tue",32
"322",322,"2018-08-07 14:00:00",0,0,92.5330490405117,651.133049312256,0,14,"Tue",32
"323",323,"2018-08-07 16:00:00",0,0,205.981481481481,668.574313496558,0,16,"Tue",32
"324",324,"2018-08-07 17:00:00",0,0,476.391129032258,675.954783851048,0,17,"Tue",32
"325",325,"2018-08-08 07:00:00",0,0,2.22093023255814,495.915986878413,0,7,"Wed",32
"326",326,"2018-08-08 11:00:00",0,0,39.1853546910755,660.693421008835,0,11,"Wed",32
"327",327,"2018-08-08 13:00:00",0,0,20.5446224256293,650.185720731835,0,13,"Wed",32
"328",328,"2018-08-08 14:00:00",0,0,6.73747016706444,651.133049312256,0,14,"Wed",32
"329",329,"2018-08-08 16:00:00",0,0,30.4082687338501,668.574313496558,0,16,"Wed",32
"330",330,"2018-08-08 17:00:00",0,0,103.26,675.954783851048,0,17,"Wed",32
"331",331,"2018-08-09 07:00:00",0,0,2.41791044776119,495.915986878413,0,7,"Thu",32
"332",332,"2018-08-09 11:00:00",0,0,3.26201923076923,660.693421008835,0,11,"Thu",32
"333",333,"2018-08-09 13:00:00",0,0,4.76905829596413,650.185720731835,0,13,"Thu",32
"334",334,"2018-08-09 14:00:00",0,0,4.66741573033708,651.133049312256,0,14,"Thu",32
"335",335,"2018-08-09 16:00:00",0,0,31.2272727272727,668.574313496558,0,16,"Thu",32
"336",336,"2018-08-09 17:00:00",0,0,294.645833333333,675.954783851048,0,17,"Thu",32
"337",337,"2018-08-10 07:00:00",0,0,3.83,495.915986878413,0,7,"Fri",32
"338",338,"2018-08-10 11:00:00",0,0,24.4414634146341,660.693421008835,0,11,"Fri",32
"339",339,"2018-08-10 13:00:00",0,0,2.37408312958435,650.185720731835,0,13,"Fri",32
"340",340,"2018-08-10 14:00:00",0,0,6.40371229698376,651.133049312256,0,14,"Fri",32
"341",341,"2018-08-10 16:00:00",0,0,58.7359735973597,668.574313496558,0,16,"Fri",32
"342",342,"2018-08-10 17:00:00",0,0,456.51724137931,675.954783851048,0,17,"Fri",32
"343",343,"2018-08-13 07:00:00",0,0,3.97163120567376,495.915986878413,0,7,"Mon",33
"344",344,"2018-08-13 11:00:00",0,0,92.203642384106,660.693421008835,0,11,"Mon",33
"345",345,"2018-08-13 13:00:00",0,0,112.194230769231,650.185720731835,0,13,"Mon",33
"346",346,"2018-08-13 14:00:00",0,0,91.2323232323232,651.133049312256,0,14,"Mon",33
"347",347,"2018-08-13 16:00:00",0,0,160.43956043956,668.574313496558,0,16,"Mon",33
"348",348,"2018-08-13 17:00:00",0,0,344.783673469388,675.954783851048,0,17,"Mon",33
"349",349,"2018-08-14 07:00:00",0,0,5.12790697674419,495.915986878413,0,7,"Tue",33
"350",350,"2018-08-14 11:00:00",0,0,40.6533018867925,660.693421008835,0,11,"Tue",33
"351",351,"2018-08-14 13:00:00",0,0,15.7102137767221,650.185720731835,0,13,"Tue",33
"352",352,"2018-08-14 14:00:00",0,0,36.5723981900452,651.133049312256,0,14,"Tue",33
"353",353,"2018-08-14 16:00:00",0,0,79.256880733945,668.574313496558,0,16,"Tue",33
"354",354,"2018-08-14 17:00:00",0,0,192.80303030303,675.954783851048,0,17,"Tue",33
"355",355,"2018-08-15 07:00:00",0,0,2.23595505617978,495.915986878413,0,7,"Wed",33
"356",356,"2018-08-15 11:00:00",0,0,18.7505518763797,660.693421008835,0,11,"Wed",33
"357",357,"2018-08-15 13:00:00",0,0,3.0314606741573,650.185720731835,0,13,"Wed",33
"358",358,"2018-08-15 14:00:00",0,0,30.6837782340862,651.133049312256,0,14,"Wed",33
"359",359,"2018-08-15 16:00:00",0,0,25.7747440273038,668.574313496558,0,16,"Wed",33
"360",360,"2018-08-15 17:00:00",0,0,206.129032258065,675.954783851048,0,17,"Wed",33
"361",361,"2018-08-16 07:00:00",0,0,5.53333333333333,495.915986878413,0,7,"Thu",33
"362",362,"2018-08-16 11:00:00",0,0,12.0223463687151,660.693421008835,0,11,"Thu",33
"363",363,"2018-08-16 13:00:00",0,0,35.840490797546,650.185720731835,0,13,"Thu",33
"364",364,"2018-08-16 14:00:00",0,0,9.58422174840085,651.133049312256,0,14,"Thu",33
"365",365,"2018-08-16 16:00:00",0,0,4.33566433566434,668.574313496558,0,16,"Thu",33
"366",366,"2018-08-16 17:00:00",0,0,497.024291497976,675.954783851048,0,17,"Thu",33
"367",367,"2018-08-17 07:00:00",0,0,51.1645569620253,495.915986878413,0,7,"Fri",33
"368",368,"2018-08-17 11:00:00",0,0,4.92609699769053,660.693421008835,0,11,"Fri",33
"369",369,"2018-08-17 13:00:00",0,0,31.1252955082742,650.185720731835,0,13,"Fri",33
"370",370,"2018-08-17 14:00:00",0,0,45.2302631578947,651.133049312256,0,14,"Fri",33
"371",371,"2018-08-17 16:00:00",0,0,160.023890784983,668.574313496558,0,16,"Fri",33
"372",372,"2018-08-17 17:00:00",0,0,498.668292682927,675.954783851048,0,17,"Fri",33
"373",373,"2018-08-20 07:00:00",0,0,2.95,495.915986878413,0,7,"Mon",34
"374",374,"2018-08-20 11:00:00",0,0,224.881818181818,660.693421008835,0,11,"Mon",34
"375",375,"2018-08-20 13:00:00",0,0,116.771929824561,650.185720731835,0,13,"Mon",34
"376",376,"2018-08-20 14:00:00",0,0,288.940455341506,651.133049312256,0,14,"Mon",34
"377",377,"2018-08-20 16:00:00",0,0,522.909793814433,668.574313496558,0,16,"Mon",34
"378",378,"2018-08-20 17:00:00",0,0,546.338181818182,675.954783851048,0,17,"Mon",34
"379",379,"2018-08-21 07:00:00",0,0,4.62745098039216,495.915986878413,0,7,"Tue",34
"380",380,"2018-08-21 11:00:00",0,0,52.5322580645161,660.693421008835,0,11,"Tue",34
"381",381,"2018-08-21 13:00:00",0,0,64.692152917505,650.185720731835,0,13,"Tue",34
"382",382,"2018-08-21 14:00:00",0,0,13.3526682134571,651.133049312256,0,14,"Tue",34
"383",383,"2018-08-21 16:00:00",0,0,281.606707317073,668.574313496558,0,16,"Tue",34
"384",384,"2018-08-21 17:00:00",0,0,62.1991869918699,675.954783851048,0,17,"Tue",34
"385",385,"2018-08-22 07:00:00",0,0,50.7211538461538,495.915986878413,0,7,"Wed",34
"386",386,"2018-08-22 11:00:00",0,0,24.3671875,660.693421008835,0,11,"Wed",34
"387",387,"2018-08-22 13:00:00",0,0,60.5626204238921,650.185720731835,0,13,"Wed",34
"388",388,"2018-08-22 14:00:00",0,0,90.6146993318486,651.133049312256,0,14,"Wed",34
"389",389,"2018-08-22 16:00:00",0,0,148.077922077922,668.574313496558,0,16,"Wed",34
"390",390,"2018-08-22 17:00:00",0,0,344.202290076336,675.954783851048,0,17,"Wed",34
"391",391,"2018-08-23 07:00:00",0,0,2.49038461538462,495.915986878413,0,7,"Thu",34
"392",392,"2018-08-23 11:00:00",0,0,53.4377682403433,660.693421008835,0,11,"Thu",34
"393",393,"2018-08-23 13:00:00",0,0,13.2564102564103,650.185720731835,0,13,"Thu",34
"394",394,"2018-08-23 14:00:00",0,0,114.892773892774,651.133049312256,0,14,"Thu",34
"395",395,"2018-08-23 16:00:00",0,0,216.73413897281,668.574313496558,0,16,"Thu",34
"396",396,"2018-08-23 17:00:00",0,0,363.313725490196,675.954783851048,0,17,"Thu",34
"397",397,"2018-08-24 07:00:00",0,0,2.44554455445545,495.915986878413,0,7,"Fri",34
"398",398,"2018-08-24 11:00:00",0,0,6.37163814180929,660.693421008835,0,11,"Fri",34
"399",399,"2018-08-24 13:00:00",0,0,40.1607142857143,650.185720731835,0,13,"Fri",34
"400",400,"2018-08-24 14:00:00",0,0,168.262472885033,651.133049312256,0,14,"Fri",34
"401",401,"2018-08-24 16:00:00",0,0,343.734899328859,668.574313496558,0,16,"Fri",34
"402",402,"2018-08-24 17:00:00",0,0,172.615,675.954783851048,0,17,"Fri",34
